{
    "foreground_intensity_properties_per_channel": {
        "0": {
            "max": 205.0,
            "mean": 48.16699981689453,
            "median": 40.0,
            "min": 0.0,
            "percentile_00_5": 9.0,
            "percentile_99_5": 144.0,
            "std": 28.023611068725586
        }
    },
    "median_relative_size_after_cropping": 1.0,
    "shapes_after_crop": [
        [
            88,
            576,
            576
        ],
        [
            88,
            576,
            576
        ],
        [
            88,
            640,
            640
        ],
        [
            88,
            640,
            640
        ],
        [
            88,
            640,
            640
        ],
        [
            88,
            576,
            576
        ],
        [
            88,
            576,
            576
        ],
        [
            88,
            576,
            576
        ],
        [
            88,
            576,
            576
        ],
        [
            88,
            576,
            576
        ],
        [
            88,
            576,
            576
        ],
        [
            88,
            640,
            640
        ],
        [
            88,
            576,
            576
        ],
        [
            88,
            640,
            640
        ],
        [
            88,
            640,
            640
        ],
        [
            88,
            576,
            576
        ],
        [
            88,
            576,
            576
        ],
        [
            88,
            640,
            640
        ],
        [
            88,
            576,
            576
        ],
        [
            88,
            576,
            576
        ],
        [
            88,
            576,
            576
        ],
        [
            88,
            576,
            576
        ],
        [
            88,
            640,
            640
        ],
        [
            88,
            640,
            640
        ],
        [
            88,
            576,
            576
        ],
        [
            88,
            640,
            640
        ],
        [
            88,
            576,
            576
        ],
        [
            88,
            576,
            576
        ],
        [
            88,
            640,
            640
        ],
        [
            88,
            640,
            640
        ],
        [
            88,
            640,
            640
        ],
        [
            88,
            576,
            576
        ],
        [
            88,
            576,
            576
        ],
        [
            88,
            640,
            640
        ],
        [
            88,
            576,
            576
        ],
        [
            88,
            576,
            576
        ],
        [
            88,
            576,
            576
        ],
        [
            88,
            640,
            640
        ],
        [
            88,
            576,
            576
        ],
        [
            88,
            640,
            640
        ],
        [
            88,
            576,
            576
        ],
        [
            88,
            576,
            576
        ],
        [
            88,
            576,
            576
        ],
        [
            88,
            640,
            640
        ],
        [
            88,
            576,
            576
        ],
        [
            88,
            640,
            640
        ],
        [
            88,
            640,
            640
        ],
        [
            88,
            640,
            640
        ],
        [
            88,
            640,
            640
        ],
        [
            88,
            640,
            640
        ],
        [
            88,
            640,
            640
        ],
        [
            88,
            576,
            576
        ],
        [
            88,
            576,
            576
        ],
        [
            88,
            640,
            640
        ],
        [
            88,
            576,
            576
        ],
        [
            88,
            640,
            640
        ],
        [
            88,
            640,
            640
        ],
        [
            88,
            640,
            640
        ],
        [
            88,
            576,
            576
        ],
        [
            88,
            576,
            576
        ],
        [
            88,
            576,
            576
        ],
        [
            88,
            640,
            640
        ],
        [
            88,
            640,
            640
        ],
        [
            88,
            640,
            640
        ],
        [
            88,
            640,
            640
        ],
        [
            88,
            640,
            640
        ],
        [
            88,
            640,
            640
        ],
        [
            88,
            640,
            640
        ],
        [
            88,
            576,
            576
        ],
        [
            88,
            640,
            640
        ],
        [
            88,
            576,
            576
        ],
        [
            88,
            640,
            640
        ],
        [
            88,
            640,
            640
        ],
        [
            88,
            640,
            640
        ],
        [
            88,
            640,
            640
        ],
        [
            88,
            640,
            640
        ],
        [
            88,
            640,
            640
        ],
        [
            88,
            576,
            576
        ],
        [
            88,
            640,
            640
        ],
        [
            88,
            576,
            576
        ],
        [
            88,
            640,
            640
        ],
        [
            88,
            576,
            576
        ],
        [
            88,
            640,
            640
        ],
        [
            88,
            640,
            640
        ],
        [
            88,
            640,
            640
        ],
        [
            88,
            640,
            640
        ],
        [
            88,
            640,
            640
        ],
        [
            88,
            640,
            640
        ],
        [
            88,
            576,
            576
        ],
        [
            88,
            576,
            576
        ],
        [
            88,
            640,
            640
        ],
        [
            88,
            576,
            576
        ],
        [
            88,
            576,
            576
        ],
        [
            88,
            576,
            576
        ],
        [
            88,
            640,
            640
        ],
        [
            88,
            576,
            576
        ],
        [
            88,
            576,
            576
        ],
        [
            88,
            640,
            640
        ],
        [
            88,
            576,
            576
        ],
        [
            88,
            640,
            640
        ]
    ],